{
  "id": "c8724e9b-48cf-4883-ad50-88bc913beb8d",
  "alias": "ProjectTimeSheetWebPart",
  "componentType": "WebPart",
  "version": "0.0.1",
  "manifestVersion": 2,
  "requiresCustomScript": false,
  "supportedHosts": [
    "SharePointWebPart",
    "TeamsPersonalApp",
    "TeamsTab",
    "SharePointFullPage"
  ],
  "supportsThemeVariants": true,
  "preconfiguredEntries": [
    {
      "groupId": "5c03119e-3074-46fd-976b-c60198311f70",
      "group": {
        "default": "Advanced"
      },
      "title": {
        "default": "ProjectTimeSheet"
      },
      "description": {
        "default": "ProjectTimeSheet description"
      },
      "officeFabricIconFontName": "Page",
      "properties": {
        "description": "ProjectTimeSheet",
        "title": "Employee TimeSheet"
      }
    }
  ],
  "loaderConfig": {
    "internalModuleBaseUrls": [
      "<!-- PATH TO CDN -->"
    ],
    "entryModuleId": "project-time-sheet-web-part",
    "scriptResources": {
      "project-time-sheet-web-part": {
        "type": "path",
        "path": "project-time-sheet-web-part_e1967f91b633607add49.js"
      },
      "@microsoft/sp-property-pane": {
        "type": "component",
        "id": "f9e737b7-f0df-4597-ba8c-3060f82380db",
        "version": "1.18.2"
      },
      "@microsoft/sp-lodash-subset": {
        "type": "component",
        "id": "73e1dc6c-8441-42cc-ad47-4bd3659f8a3a",
        "version": "1.18.2"
      },
      "ControlStrings": {
        "type": "localizedPath",
        "paths": {
          "bg-BG": "ControlStrings_bg-bg_ce46c4e4199aca6926736455e53d7802.js",
          "ca-ES": "ControlStrings_ca-es_48e39fc03c712737bf52be5b27d866ff.js",
          "da-DK": "ControlStrings_da-dk_a401749bde83009b82d0afc4f1901be9.js",
          "de-DE": "ControlStrings_de-de_fe2b107867878cfdd127828b522bfa7a.js",
          "el-GR": "ControlStrings_el-gr_411b07380ae6171470eeb5a7ac7554df.js",
          "en-US": "ControlStrings_en-us_923f2b7219da3068a6a74cb1e61bf04c.js",
          "es-ES": "ControlStrings_es-es_c44b8fb3af0c06d842e8c2bd06ee407b.js",
          "et-EE": "ControlStrings_et-ee_26983e754decbda62ad3177a179a9b3f.js",
          "eu-ES": "ControlStrings_eu-es_511321cb9b07e1ffa35c0ea620681a6b.js",
          "fi-FI": "ControlStrings_fi-fi_9060a1a0432a3244295cf28967944550.js",
          "fr-CA": "ControlStrings_fr-ca_9e91defb5aff9abdd2c7e0f44807d766.js",
          "fr-FR": "ControlStrings_fr-fr_40fa102c9335efffa23417356a2adf38.js",
          "it-IT": "ControlStrings_it-it_cc95c98993fa14b51472fa8e70a24429.js",
          "ja-JP": "ControlStrings_ja-jp_e7c443bf0dd0b8466d886c796a41cd96.js",
          "lt-LT": "ControlStrings_lt-lt_679c8ccff037a97c54ea3de57e47f3c4.js",
          "lv-LV": "ControlStrings_lv-lv_3b2315d9c10bddd1bb22bc10b045fab4.js",
          "nb-NO": "ControlStrings_nb-no_095169ef17b8583f335d5531fd81ecef.js",
          "nl-NL": "ControlStrings_nl-nl_47a0fcfdfa40a35f4abede934117beed.js",
          "pl-PL": "ControlStrings_pl-pl_f7eabadc38ffe46954cb2733c593a85c.js",
          "pt-BR": "ControlStrings_pt-br_e5d8eae1e159f7c9af5d63d0b69067f6.js",
          "pt-PT": "ControlStrings_pt-pt_d5475bf753a0978be2c3ac8a573ec562.js",
          "ro-RO": "ControlStrings_ro-ro_8b1d637035fd97ca7c190be0860211de.js",
          "ru-RU": "ControlStrings_ru-ru_3e0561fee66ab7c37de434ad3a71c708.js",
          "sk-SK": "ControlStrings_sk-sk_a9f1f1fc0ed83e0794565a5e594c699a.js",
          "sr-Latn-RS": "ControlStrings_sr-latn-rs_c45628f2daa63436129df708a1507528.js",
          "sv-SE": "ControlStrings_sv-se_085bd35ca4fd69329a2a5445a44445fa.js",
          "tr-TR": "ControlStrings_tr-tr_80d890dcbeac411f29d24b5cd6d746fa.js",
          "vi-VN": "ControlStrings_vi-vn_9023aefa842fa8d2da50a9da9228e997.js",
          "zh-CN": "ControlStrings_zh-cn_4263d39f089ee703d5386651af18328a.js",
          "zh-TW": "ControlStrings_zh-tw_778b424e06ac9841765f617c2a08b53b.js"
        },
        "defaultPath": "ControlStrings_en-us_923f2b7219da3068a6a74cb1e61bf04c.js"
      },
      "@microsoft/sp-core-library": {
        "type": "component",
        "id": "7263c7d0-1d6a-45ec-8d85-d4d1d234171b",
        "version": "1.18.2"
      },
      "@microsoft/sp-webpart-base": {
        "type": "component",
        "id": "974a7777-0990-4136-8fa6-95d80114c2e0",
        "version": "1.18.2"
      },
      "react": {
        "type": "component",
        "id": "0d910c1c-13b9-4e1c-9aa4-b008c5e42d7d",
        "version": "17.0.1"
      },
      "react-dom": {
        "type": "component",
        "id": "aa0a46ec-1505-43cd-a44a-93f3a5aa460a",
        "version": "17.0.1"
      },
      "ProjectTimeSheetWebPartStrings": {
        "type": "path",
        "path": "ProjectTimeSheetWebPartStrings_en-us_3bd812ceda191f7235a1db0c41d7c3a7.js"
      },
      "@microsoft/sp-http": {
        "type": "component",
        "id": "c07208f0-ea3b-4c1a-9965-ac1b825211a6",
        "version": "1.18.2"
      }
    }
  }
}