<?xml version="1.0" encoding="utf-8"?>
<List xmlns:ows="Microsoft SharePoint" Title="TimeLogs" FolderCreation="FALSE"
  Direction="$Resources:Direction;" Url="Lists/TimeLogs" BaseType="0"
  xmlns="http://schemas.microsoft.com/sharepoint/">
  <MetaData>
    <ContentTypes>

      <ContentType ID="0x01254881498c2f4e6783ef01a4fa77cb2420" Name="ListFieldsContentType">
        <FieldRefs>
          <FieldRef ID="{13ef5794-e6cf-4e35-b34d-3185114b60d0}" Name="TimelogsId" />
          <FieldRef ID="{1525a1a8-bbbb-440d-87bc-7528ec328dfe}" Name="ProjectId" />
          <FieldRef ID="{61f40465-c635-4cbf-b0df-0fac127c8893}" Name="ProjectName" />
          <FieldRef ID="{beb41ab0-2e6a-402a-90e0-1ac09223a49a}" Name="JobId" />
          <FieldRef ID="{99c71bba-2389-4792-b12a-e69a5f974f13}" Name="JobName" />
          <FieldRef ID="{060b2a5a-8416-4aa0-b441-6fb937fc2e95}" Name="BillableStatus" />
          <FieldRef ID="{3fdf66c5-9ccc-493c-956a-4c9d0b03974d}" Name="Description" />
          <FieldRef ID="{30efabd6-48c0-4fd9-8957-b9659242dcdb}" Name="LoggedHours" />
          <FieldRef ID="{0f1b2132-639a-4a74-ae42-43e837708b9d}" Name="EstimatedHours" />
          <FieldRef ID="{fb5fd899-b856-4976-a677-572119f263e8}" Name="Status" />
          
        </FieldRefs>
      </ContentType>
      <ContentTypeRef ID="0x01">
        <Folder TargetName="Item" />
      </ContentTypeRef>
      <ContentTypeRef ID="0x0120" />
    </ContentTypes>

   <Fields>

    <Field Name="TimelogsId" ID="{13ef5794-e6cf-4e35-b34d-3185114b60d0}"
        DisplayName="Job Id" Type="Number" Required="TRUE" />

    <Field Name="ProjectId" ID="{1525a1a8-bbbb-440d-87bc-7528ec328dfe}"
        DisplayName="Project Id" Type="Number" Required="TRUE" />

    <Field Name="ProjectName" ID="{61f40465-c635-4cbf-b0df-0fac127c8893}}"
        DisplayName="Project Name" Type="Text" Required="TRUE" />    

    <Field Name="JobId" ID="{beb41ab0-2e6a-402a-90e0-1ac09223a49a}"
        DisplayName="JobId" Type="DateTime" Required="FALSE" Format="DateOnly" />

    <Field Name="JobName" ID="{99c71bba-2389-4792-b12a-e69a5f974f13}"
        DisplayName="Job Name" Type="DateTime" Required="FALSE" Format="DateOnly" />

    <Field Name="BillableStatus" ID="{060b2a5a-8416-4aa0-b441-6fb937fc2e95}"
        DisplayName="Billable Status" Type="Note" NumLines="1000" Required="FALSE" />

    <Field Name="Description" ID="{3fdf66c5-9ccc-493c-956a-4c9d0b03974d}"
        DisplayName="Description" Type="Text" Required="TRUE" />

    <Field Name="LoggedHours" ID="{30efabd6-48c0-4fd9-8957-b9659242dcdb}"
        DisplayName="Logged Hours" Type="Text" Required="TRUE" />

    <Field Name="EstimatedHours" ID="{0f1b2132-639a-4a74-ae42-43e837708b9d}"
        DisplayName="Estimated Hours" Type="Note" NumLines="1000" Required="FALSE" />

    <Field Name="Status" ID="{fb5fd899-b856-4976-a677-572119f263e8}"
        DisplayName="Status" Type="Note" NumLines="1000" Required="FALSE" />


</Fields>

    <Views>

      <View BaseViewID="0" Type="HTML" MobileView="TRUE" TabularView="FALSE">
        <Toolbar Type="Standard" />
        <XslLink Default="TRUE">main.xsl</XslLink>
        <RowLimit Paged="TRUE">30</RowLimit>
        <ViewFields>

          <FieldRef Name="LinkTitleNoMenu"></FieldRef>
        </ViewFields>
        <Query>
          <OrderBy>

            <FieldRef Name="Modified" Ascending="FALSE"></FieldRef>
          </OrderBy>
        </Query>
        <ParameterBindings>
          <ParameterBinding Name="AddNewAnnouncement" Location="Resource(wss,addnewitem)" />
          <ParameterBinding Name="NoAnnouncements" Location="Resource(wss,noXinviewofY_LIST)" />
          <ParameterBinding Name="NoAnnouncementsHowTo"
            Location="Resource(wss,noXinviewofY_ONET_HOME)" />
        </ParameterBindings>
      </View>
      <View BaseViewID="1" Type="HTML" WebPartZoneID="Main"
        DisplayName="$Resources:core,objectiv_schema_mwsidcamlidC24;" DefaultView="TRUE"
        MobileView="TRUE" MobileDefaultView="TRUE" SetupPath="pages\viewpage.aspx"
        ImageUrl="/_layouts/15/images/generic.png?rev=23" Url="AllItems.aspx">
        <Toolbar Type="Standard" />
        <XslLink Default="TRUE">main.xsl</XslLink>
        <JSLink>clienttemplates.js</JSLink>
        <RowLimit Paged="TRUE">30</RowLimit>
        <ViewFields>

          <FieldRef Name="TimelogsId" />
          <FieldRef Name="ProjectId" />
          <FieldRef Name="ProjectName" />
          <FieldRef Name="JobId" />
          <FieldRef Name="JobName" />
          <FieldRef Name="BillableStatus" />
          <FieldRef Name="Description" />
          <FieldRef Name="LoggedHours" />
          <FieldRef Name="EstimatedHours" />
          <FieldRef Name="Status" />
        
          
        </ViewFields>
        <Query>
          <OrderBy>

            <FieldRef Name="ID"></FieldRef>
          </OrderBy>
        </Query>
        <ParameterBindings>
          <ParameterBinding Name="NoAnnouncements" Location="Resource(wss,noXinviewofY_LIST)" />
          <ParameterBinding Name="NoAnnouncementsHowTo"
            Location="Resource(wss,noXinviewofY_DEFAULT)" />
        </ParameterBindings>
      </View>
    </Views>
    <Forms>
      <Form Type="DisplayForm" Url="DispForm.aspx" SetupPath="pages\form.aspx" WebPartZoneID="Main" />
      <Form Type="EditForm" Url="EditForm.aspx" SetupPath="pages\form.aspx" WebPartZoneID="Main" />
      <Form Type="NewForm" Url="NewForm.aspx" SetupPath="pages\form.aspx" WebPartZoneID="Main" />
    </Forms>
  </MetaData>
</List>