{
  "$schema": "https://developer.microsoft.com/json-schemas/spfx/client-side-web-part-manifest.schema.json",
  "id": "c8724e9b-48cf-4883-ad50-88bc913beb8d",
  "alias": "ProjectTimeSheetWebPart",
  "componentType": "WebPart",

  "version": "*",
  "manifestVersion": 2,

  "requiresCustomScript": false,
  "supportedHosts": ["SharePointWebPart", "TeamsPersonalApp", "TeamsTab", "SharePointFullPage"],
  "supportsThemeVariants": true,

  "preconfiguredEntries": [{
    "groupId": "5c03119e-3074-46fd-976b-c60198311f70", 
    "group": { "default": "Advanced" },
    "title": { "default": "ProjectTimeSheet" },
    "description": { "default": "ProjectTimeSheet description" },
    "officeFabricIconFontName": "Page",
    "properties": {
      "description": "ProjectTimeSheet",
      "title": "Employee TimeSheet"
    }
  }]
}
