{
  "@microsoft/generator-sharepoint": {
    "plusBeta": false,
    "isCreatingSolution": true,
    "nodeVersion": "16.18.0",
    "sdksVersions": {
      "@microsoft/microsoft-graph-client": "3.0.2",
      "@microsoft/teams-js": "2.12.0"
    },
    "version": "1.18.2",
    "libraryName": "project-time-sheet",
    "libraryId": "f76875c2-1f69-45a6-92cb-2371973c4a92",
    "environment": "spo",
    "packageManager": "npm",
    "solutionName": "ProjectTimeSheet",
    "solutionShortDescription": "ProjectTimeSheet description",
    "skipFeatureDeployment": true,
    "isDomainIsolated": false,
    "componentType": "webpart"
  }
}
