<?xml version="1.0" encoding="utf-8"?><App xmlns="http://schemas.microsoft.com/sharepoint/2012/app/manifest" Name="project-time-sheet-client-side-solution" ProductID="f76875c2-1f69-45a6-92cb-2371973c4a92" SharePointMinVersion="16.0.0.0" IsClientSideSolution="true" Version="1.0.0.0" SkipFeatureDeployment="true" IsDomainIsolated="false"><Properties><Title>project-time-sheet-client-side-solution</Title><DeveloperProperties>{&quot;name&quot;:&quot;&quot;,&quot;websiteUrl&quot;:&quot;&quot;,&quot;privacyUrl&quot;:&quot;&quot;,&quot;termsOfUseUrl&quot;:&quot;&quot;,&quot;mpnId&quot;:&quot;Undefined-1.18.2&quot;}</DeveloperProperties><ShortDescription><LocalizedString CultureName="default">ProjectTimeSheet description</LocalizedString></ShortDescription><LongDescription><LocalizedString CultureName="default">ProjectTimeSheet description</LocalizedString></LongDescription><Screenshots></Screenshots></Properties></App>