<?xml version="1.0" encoding="utf-8"?>
<List xmlns:ows="Microsoft SharePoint" Title="Departments" FolderCreation="FALSE"
  Direction="$Resources:Direction;" Url="Lists/Departments" BaseType="0"
  xmlns="http://schemas.microsoft.com/sharepoint/">
  <MetaData>
  <ContentTypes>
    <ContentType ID="0x015cc7b2aa032247c1a70e023f25a32cc245" Name="ListFieldsContentType">
      <FieldRefs>
        <FieldRef ID="{5bbe6b71-6284-43ef-990e-cacb4188d0ec}" Name="DepartmentName" />
        <FieldRef ID="{da54d2b8-ce9b-4418-bb37-14214f39ab38}" Name="isActive" />
      </FieldRefs>
    </ContentType>
    <ContentTypeRef ID="0x01">
      <Folder TargetName="Item" />
    </ContentTypeRef>
    <ContentTypeRef ID="0x0120" />
  </ContentTypes>
  
  <Fields>
    <Field Name="DepartmentName" ID="{5bbe6b71-6284-43ef-990e-cacb4188d0ec}" DisplayName="Department Name" Type="Text" Required="TRUE" />
    <Field Name="isActive" ID="{da54d2b8-ce9b-4418-bb37-14214f39ab38}" DisplayName="Is Active"  Type="Boolean" Required="FALSE"/>
  </Fields>
  
  <Views>
    <View BaseViewID="0" Type="HTML" MobileView="TRUE" TabularView="FALSE">
      <Toolbar Type="Standard" />
      <XslLink Default="TRUE">main.xsl</XslLink>
      <RowLimit Paged="TRUE">30</RowLimit>
      <ViewFields>
        <FieldRef Name="LinkTitleNoMenu" />
      </ViewFields>
      <Query>
        <OrderBy>
          <FieldRef Name="Modified" Ascending="FALSE" />
        </OrderBy>
      </Query>
      <ParameterBindings>
        <ParameterBinding Name="AddNewAnnouncement" Location="Resource(wss,addnewitem)" />
        <ParameterBinding Name="NoAnnouncements" Location="Resource(wss,noXinviewofY_LIST)" />
        <ParameterBinding Name="NoAnnouncementsHowTo" Location="Resource(wss,noXinviewofY_ONET_HOME)" />
      </ParameterBindings>
    </View>
    
    <View BaseViewID="1" Type="HTML" WebPartZoneID="Main" DisplayName="$Resources:core,objectiv_schema_mwsidcamlidC24;" DefaultView="TRUE" MobileView="TRUE" MobileDefaultView="TRUE" SetupPath="pages\viewpage.aspx" ImageUrl="/_layouts/15/images/generic.png?rev=23" Url="AllItems.aspx">
      <Toolbar Type="Standard" />
      <XslLink Default="TRUE">main.xsl</XslLink>
      <JSLink>clienttemplates.js</JSLink>
      <RowLimit Paged="TRUE">30</RowLimit>
      <ViewFields>
        <FieldRef Name="DepartmentName" />
        <FieldRef Name="isActive" />

      </ViewFields>
      <Query>
        <OrderBy>
          <FieldRef Name="ID" />
        </OrderBy>
      </Query>
      <ParameterBindings>
        <ParameterBinding Name="NoAnnouncements" Location="Resource(wss,noXinviewofY_LIST)" />
        <ParameterBinding Name="NoAnnouncementsHowTo" Location="Resource(wss,noXinviewofY_DEFAULT)" />
      </ParameterBindings>
    </View>
  </Views>
  
  <Forms>
    <Form Type="DisplayForm" Url="DispForm.aspx" SetupPath="pages\form.aspx" WebPartZoneID="Main" />
    <Form Type="EditForm" Url="EditForm.aspx" SetupPath="pages\form.aspx" WebPartZoneID="Main" />
    <Form Type="NewForm" Url="NewForm.aspx" SetupPath="pages\form.aspx" WebPartZoneID="Main" />
  </Forms>
</MetaData>

</List>