<?xml version="1.0" encoding="utf-8"?>
<List xmlns:ows="Microsoft SharePoint" Title="Tasks" FolderCreation="FALSE"
  Direction="$Resources:Direction;" Url="Lists/Tasks" BaseType="0"
  xmlns="http://schemas.microsoft.com/sharepoint/">
  <MetaData>
    <ContentTypes>

      <ContentType ID="0x01003574c28b6946abbc924146d523bc84" Name="ListFieldsContentType">
        <FieldRefs>
          <FieldRef ID="{a64de208-4147-4247-ba5c-247d66c6ce34}" Name="JobId" />
          <FieldRef ID="{fdfc6ae3-08e5-4f7f-9516-35b44cf36b48}" Name="JobName" />
          <FieldRef ID="{e1f39c3d-39de-4907-9d42-677161b3e793}" Name="ProjectId" />
          <FieldRef ID="{e3bb8ee1-a76a-4efc-a22f-b81f8a25f540}" Name="ProjectName" />
          <FieldRef ID="{53fcb681-b1d3-4eb0-8589-abbe844c3f17}" Name="StartDate" />
          <FieldRef ID="{9214beca-f0c2-4b36-86a7-4b92c4ac01c1}" Name="EndDate" />
          <FieldRef ID="{0677df64-abe2-4e86-a7c1-12d761cd7a66}" Name="Description" />
          <FieldRef ID="{ebaba692-7957-4d3a-a30a-2a54a58c3d6c}" Name="JobStatus" />
          <FieldRef ID="{0d009c77-c3e1-4b92-8279-28ded0d9cb17}" Name="BillableStatus" />
          <FieldRef ID="{352bc76a-e7b7-4a87-b579-4f7128786952}" Name="AssignedTo" />
          <FieldRef ID="{ef126fd1-b304-4300-b190-cca6194aeb63}" Name="EstimatedHours" />
          <FieldRef ID="{bd411e0c-dd1f-4514-aa75-46da2baf5479}" Name="loggedHours" />
          <FieldRef ID="{56dacd0e-55bc-4451-864f-42567e7df58f}" Name="AssignedToPeoplePicker" />
          
        </FieldRefs>
      </ContentType>
      <ContentTypeRef ID="0x01">
        <Folder TargetName="Item" />
      </ContentTypeRef>
      <ContentTypeRef ID="0x0120" />
    </ContentTypes>

   <Fields>

    <Field Name="JobId" ID="{a64de208-4147-4247-ba5c-247d66c6ce34}"
        DisplayName="Job Id" Type="Number" Required="TRUE" />

    <Field Name="JobName" ID="{fdfc6ae3-08e5-4f7f-9516-35b44cf36b48}"
        DisplayName="Job Name" Type="Text" Required="TRUE" />

    <Field Name="ProjectId" ID="{e1f39c3d-39de-4907-9d42-677161b3e793}"
        DisplayName="Project Id" Type="Number" Required="TRUE" />

    <Field Name="ProjectName" ID="{e3bb8ee1-a76a-4efc-a22f-b81f8a25f540}"
        DisplayName="Project Name" Type="Text" Required="TRUE" />    

    <Field Name="StartDate" ID="{53fcb681-b1d3-4eb0-8589-abbe844c3f17}"
        DisplayName="Start Date" Type="DateTime" Required="FALSE" Format="DateOnly" />

    <Field Name="EndDate" ID="{9214beca-f0c2-4b36-86a7-4b92c4ac01c1}"
        DisplayName="End Date" Type="DateTime" Required="FALSE" Format="DateOnly" />

    <Field Name="Description" ID="{0677df64-abe2-4e86-a7c1-12d761cd7a66}"
        DisplayName="Description" Type="Note" NumLines="1000" Required="FALSE" />

    <Field Name="JobStatus" ID="{ebaba692-7957-4d3a-a30a-2a54a58c3d6c}"
        DisplayName="Job Status" Type="Text" Required="TRUE" />

    <Field Name="BillableStatus" ID="{0d009c77-c3e1-4b92-8279-28ded0d9cb17}"
        DisplayName="Billable Status" Type="Text" Required="TRUE" />

    <Field Name="AssignedTo" ID="{352bc76a-e7b7-4a87-b579-4f7128786952}"
        DisplayName="AssignedTo" Type="Note" NumLines="1000" Required="FALSE" />

    <Field Name="EstimatedHours" ID="{ef126fd1-b304-4300-b190-cca6194aeb63}"
        DisplayName="Estimated Hours" Type="Number" Required="FALSE" />

    <Field Name="loggedHours" ID="{bd411e0c-dd1f-4514-aa75-46da2baf5479}"
        DisplayName="loggedHours" Type="Number" Required="FALSE" />

    <Field Name="AssignedToPeoplePicker" ID="{56dacd0e-55bc-4451-864f-42567e7df58f}"
        DisplayName="AssignedToPeoplePicker" List="UserInfo" Type="User" UserSelectionMode="PeopleOnly"
        UserSelectionScope="0" Required="FALSE" Multiselect="TRUE"/>
</Fields>

    <Views>

      <View BaseViewID="0" Type="HTML" MobileView="TRUE" TabularView="FALSE">
        <Toolbar Type="Standard" />
        <XslLink Default="TRUE">main.xsl</XslLink>
        <RowLimit Paged="TRUE">30</RowLimit>
        <ViewFields>

          <FieldRef Name="LinkTitleNoMenu"></FieldRef>
        </ViewFields>
        <Query>
          <OrderBy>

            <FieldRef Name="Modified" Ascending="FALSE"></FieldRef>
          </OrderBy>
        </Query>
        <ParameterBindings>
          <ParameterBinding Name="AddNewAnnouncement" Location="Resource(wss,addnewitem)" />
          <ParameterBinding Name="NoAnnouncements" Location="Resource(wss,noXinviewofY_LIST)" />
          <ParameterBinding Name="NoAnnouncementsHowTo"
            Location="Resource(wss,noXinviewofY_ONET_HOME)" />
        </ParameterBindings>
      </View>
      <View BaseViewID="1" Type="HTML" WebPartZoneID="Main"
        DisplayName="$Resources:core,objectiv_schema_mwsidcamlidC24;" DefaultView="TRUE"
        MobileView="TRUE" MobileDefaultView="TRUE" SetupPath="pages\viewpage.aspx"
        ImageUrl="/_layouts/15/images/generic.png?rev=23" Url="AllItems.aspx">
        <Toolbar Type="Standard" />
        <XslLink Default="TRUE">main.xsl</XslLink>
        <JSLink>clienttemplates.js</JSLink>
        <RowLimit Paged="TRUE">30</RowLimit>
        <ViewFields>

          <FieldRef Name="JobId" />
          <FieldRef Name="JobName" />
          <FieldRef Name="ProjectId" />
          <FieldRef Name="ProjectName" />
          <FieldRef Name="StartDate" />
          <FieldRef Name="EndDate" />
          <FieldRef Name="Description" />
          <FieldRef Name="JobStatus" />
          <FieldRef Name="BillableStatus" />
          <FieldRef Name="AssignedTo" />
          <FieldRef Name="EstimatedHours" />
          <FieldRef Name="loggedHours" />
          <FieldRef Name="AssignedToPeoplePicker" />
          
        </ViewFields>
        <Query>
          <OrderBy>

            <FieldRef Name="ID"></FieldRef>
          </OrderBy>
        </Query>
        <ParameterBindings>
          <ParameterBinding Name="NoAnnouncements" Location="Resource(wss,noXinviewofY_LIST)" />
          <ParameterBinding Name="NoAnnouncementsHowTo"
            Location="Resource(wss,noXinviewofY_DEFAULT)" />
        </ParameterBindings>
      </View>
    </Views>
    <Forms>
      <Form Type="DisplayForm" Url="DispForm.aspx" SetupPath="pages\form.aspx" WebPartZoneID="Main" />
      <Form Type="EditForm" Url="EditForm.aspx" SetupPath="pages\form.aspx" WebPartZoneID="Main" />
      <Form Type="NewForm" Url="NewForm.aspx" SetupPath="pages\form.aspx" WebPartZoneID="Main" />
    </Forms>
  </MetaData>
</List>