{
  "$schema": "https://developer.microsoft.com/json-schemas/spfx-build/package-solution.schema.json",
  "solution": {
    "name": "project-time-sheet-client-side-solution",
    "id": "f76875c2-1f69-45a6-92cb-2371973c4a92",
    "version": "1.0.0.0",
    "includeClientSideAssets": true,
    "skipFeatureDeployment": true,
    "isDomainIsolated": false,
    "developer": {
      "name": "",
      "websiteUrl": "",
      "privacyUrl": "",
      "termsOfUseUrl": "",
      "mpnId": "Undefined-1.18.2"
    },
    "metadata": {
      "shortDescription": {
        "default": "ProjectTimeSheet description"
      },
      "longDescription": {
        "default": "ProjectTimeSheet description"
      },
      "screenshotPaths": [],
      "videoUrl": "",
      "categories": []
    },
    "features": [
      {
        "title": "project-time-sheet Feature",
        "description": "The feature that activates elements of the project-time-sheet solution.",
        "id": "6d032cf1-4fdb-4a67-b307-3fe596781912",
        "version": "1.0.0.0",
        "assets": {
          "elementManifests": ["elements.xml"],
          "elementFiles": [ "Projects.xml" , "Task.xml" , "Configurations.xml" , "TimeLogs.xml" , "Departments.xml"]
        }
      }
    ]
  },
  "paths": {
    "zippedPackage": "solution/project-time-sheet.sppkg"
  }
}
